{"cameraMode":{"drawMode":0,"name":"Shaded","section":"Shading Mode"},"sceneLighting":false,"audioPlay":false,"sceneViewState":{"m_AlwaysRefresh":false,"showFog":true,"showSkybox":false,"showFlares":true,"showImageEffects":true,"showParticleSystems":true,"showVisualEffectGraphs":true,"m_FxEnabled":true},"in2DMode":false,"pivot":{"x":0.05000019073486328,"y":1.2000001668930054,"z":-0.23000001907348634},"rotation":{"x":0.6053168177604675,"y":0.053616963326931,"z":-0.04092207923531532,"w":0.7931273579597473},"size":8.016212463378907,"orthographic":false}